"Nama","IPK","Penghasilan Orang Tua","SKS","Tagihan Listrik"
"Dewi","3.553.80=0.934\frac{3.55}{3.80}=0.9343.803.55​=0.934","1,000,0002,000,000=0.5\frac{1,000,000}{2,000,000}=0.52,000,0001,000,000​=0.5","4872=0.667\frac{48}{72}=0.6677248​=0.667","75,000100,000=0.75\frac{75,000}{100,000}=0.75100,00075,000​=0.75"
"Agus","3.753.80=0.987\frac{3.75}{3.80}=0.9873.803.75​=0.987","1,000,0001,000,000=1\frac{1,000,000}{1,000,000}=11,000,0001,000,000​=1","4872=0.667\frac{48}{72}=0.6677248​=0.667","75,00080,000=0.9375\frac{75,000}{80,000}=0.937580,00075,000​=0.9375"
"Joko","3.753.80=0.987\frac{3.75}{3.80}=0.9873.803.75​=0.987","1,000,0002,500,000=0.4\frac{1,000,000}{2,500,000}=0.42,500,0001,000,000​=0.4","7272=1\frac{72}{72}=17272​=1","75,00075,000=1\frac{75,000}{75,000}=175,00075,000​=1"
"Khansa","3.503.80=0.921\frac{3.50}{3.80}=0.9213.803.50​=0.921","1,000,0001,750,000=0.5714\frac{1,000,000}{1,750,000}=0.57141,750,0001,000,000​=0.5714","2472=0.333\frac{24}{72}=0.3337224​=0.333","75,000100,000=0.75\frac{75,000}{100,000}=0.75100,00075,000​=0.75"
"Budi","3.803.80=1\frac{3.80}{3.80}=13.803.80​=1","1,000,0001,500,000=0.6667\frac{1,000,000}{1,500,000}=0.66671,500,0001,000,000​=0.6667","2472=0.333\frac{24}{72}=0.3337224​=0.333","75,000150,000=0.5\frac{75,000}{150,000}=0.5150,00075,000​=0.5"